,text,size
2413,reprint,0.9368082677040623
2647,silver,0.2564038081250055
2857,surfer,0.23800705187096705
