,text,size
1785,reprint,0.9159211407935964
1963,silver,0.29415974842769144
2129,surfer,0.2730540354074886
